Credit Karma,https://www.linkedin.com/company/credit-karma/jobs/
HG Insights,https://hginsights.com/about/hg-insights-careers
MarketStar Bulgaria,https://wasatchproperty.wd1.myworkdayjobs.com/MarketStarCareers
Black Kite,https://black-kite.rippling-ats.com
Veza,https://www.veza.com/company/careers
Boulevard,https://www.joinblvd.com/careers
Form Energy,https://jobs.ashbyhq.com/formenergy/
Veeam Software,https://www.linkedin.com/company/veeam-software/jobs/
Vantage,https://jobs.ashbyhq.com/vantage/
NICE,https://www.nice.com/careers/apply
Nutanix,https://jobs.jobvite.com/nutanix
ADvendio,https://www.linkedin.com/jobs/search/?f_C=1544606&geoId=92000000&keywords=advendio&location=Worldwide
Urban Jungle Insurance,https://jobs.lever.co/UrbanJungle
Athelas,https://www.linkedin.com/company/athelas/jobs/
Intranet Connections,https://intranetconnections.applytojob.com
SaaScend,https://www.linkedin.com/company/saascend/jobs/
CleanSlate Technology Group,https://www.cleanslatetg.com/who-we-are/careers/
Birdeye,https://birdeye.com/careers/jobsearch/
Secure Code Warrior,https://jobs.lever.co/securecodewarrior/
Resource Innovations,https://www.linkedin.com/company/resourceinnovations/jobs/
The Pokémon Company International,https://boards.greenhouse.io/pokemoncareers
Costco IT,https://www.linkedin.com/company/costco-weareit/jobs/
BMC Software,https://jobs.bmc.com/Careers/SearchJobs
ReadMe,https://jobs.ashbyhq.com/readme/
The Lacek Group,https://www.lacek.com/careers
The New York Times,https://www.linkedin.com/company/the-new-york-times/jobs/
TicketNetwork,https://www.linkedin.com/company/ticketnetwork/jobs/
Broad Institute of MIT and Harvard,https://www.linkedin.com/company/broad-institute_2/jobs/
Appen,https://jobs.lever.co/appen-2
TravelPerk,https://www.linkedin.com/company/travelperk/jobs/
Groove  a Clari Company,https://boards.greenhouse.io/embed/job_board?for=groove
Revolut,https://www.linkedin.com/company/revolut/jobs/
First Republic,https://careers.firstrepublic.com/
#paid,https://www.linkedin.com/company/hashtagpaid/jobs/
Degreed,https://boards.greenhouse.io/degreed
ChannelEngine,https://jobs.channelengine.com/
Equi,https://jobs.ashbyhq.com/equi/
Ontotext,https://www.ontotext.com/company/careers/
Workiva,https://www.linkedin.com/company/workiva/jobs/
Signifyd,https://boards.greenhouse.io/signifyd95
Conduktor,https://angel.co/company/conduktor
Avetta,https://www.avetta.com/company/careers/careers-list
Confluent,https://careers.confluent.io/search/jobs
SEAM Group,https://www.linkedin.com/company/seamgroup/jobs/
Houzz,https://www.linkedin.com/company/houzz/jobs/
FinancialForce,https://certinia.com/about/careers/
Databricks,https://www.databricks.com/company/careers/open-positions
Aurora,https://aurora.tech/careers
HoneyBook,https://www.honeybook.com/careers
Cato Networks,https://www.linkedin.com/company/cato-networks/jobs/
TCP Software,https://www.tcpsoftware.com/careers
Trulioo,https://www.trulioo.com/apply
Traction Rec,https://www.tractionrec.com/careers
SYSPRO USA,https://www.linkedin.com/company/syspro-usa/jobs/
Budderfly,https://www.budderfly.com/careers/
Global Laser Enrichment,https://www.gle-us.com/careers/
Triblio (a Foundry company),https://tribliocareers-idg.icims.com/jobs/search?ss=1
Trolley,https://jobs.lever.co/trolley
Lodgify,https://jobs.lever.co/lodgify/
Flosum,https://flosum.freshteam.com/jobs/
Amaze,https://jobs.lever.co/amaze/
LaSalle Network,https://www.thelasallenetwork.com/job-search
Matterport,https://jobs.lever.co/matterport/
Ava Labs,https://www.linkedin.com/company/avalabsofficial/jobs/
Leadfeeder,https://www.leadfeeder.com/jobs/
Relay,https://boards.greenhouse.io/relaypro
Deel,https://jobs.ashbyhq.com/deel/
ecobee,https://www.ecobee.com/en-us/careers/job-board/
Immutable,https://jobs.lever.co/immutable/
Custom Ink,https://www.linkedin.com/company/custom-ink/jobs/
Milk Moovement,https://jobs.lever.co/milk-moovement
Green Irony,https://www.linkedin.com/company/green-irony/jobs/
Awesome Motive  Inc.,https://awesomemotive.com/careers/
Maven Clinic,https://www.linkedin.com/company/mavenclinic/jobs/
Unit21,https://www.unit21.ai/company/careers
Losant,https://www.losant.com/careers
Skyscanner,https://www.linkedin.com/company/skyscanner/jobs/
Pacific Northwest National Laboratory,https://www.linkedin.com/company/pacific-northwest-national-laboratory/jobs/
CannDelta Inc. - Regulatory and Scientific Consulting Firm,https://canndelta.com/careers/
Aptiv,https://www.linkedin.com/company/aptiv/jobs/
Broadcom,https://www.linkedin.com/company/broadcom/jobs/
Via,https://www.linkedin.com/company/ridewithvia/jobs/
Avantor,https://www.linkedin.com/company/avantorinc/jobs/
Mila Cares,https://milacares.com/careers
Fidus Systems,https://fidus.com/careers/
Wrike,https://www.linkedin.com/company/wrike/jobs/
Handshake,https://joinhandshake.com/career-centers/
Anthology Inc,https://www.linkedin.com/company/anthologyinc/jobs/
Thirty Capital,https://www.thirtycapital.com/careers/
Warriors Recruiting,https://jobs.crelate.com/portal/warriorsrecruiting
Rebuilt,https://www.linkedin.com/company/rebuilt-investments/jobs/
Enel X,https://jobs.enel.com/it_IT/careers/JobOpeningsCustomer
SamCart,https://boards.greenhouse.io/samcarthiring
Close,https://jobs.lever.co/close.io
Rose Rocket,https://jobs.ashbyhq.com/rose%20rocket
Dashlane,https://dashlane.teamtailor.com/
ApplicantPro,https://www.applicantpro.com/openings/iapplicants/jobs
Datadog,https://www.linkedin.com/company/datadog/jobs/
Trust Machines,https://trustmachines.co/careers/
Thryv,https://recruiting2.ultipro.com/SUP1002SPRM
Avoma,https://www.avoma.com/careers
Mindtickle,https://jobs.lever.co/mindtickle/
Boldly Remote Staffing,https://www.linkedin.com/company/workboldly/jobs/
Sodexo,https://www.linkedin.com/company/sodexo/jobs/
Eco,https://www.linkedin.com/company/eco-pay/jobs/
Wiz,https://www.wiz.io/careers
commonsku,https://commonsku.com/careers.php
NuvoAir,https://www.linkedin.com/company/nuvoair/jobs/
Responsive,https://www.linkedin.com/company/responsiveio/jobs/
GaggleAMP,https://www.gaggleamp.com/careers
Geoforce,https://jobs.ashbyhq.com/Geoforce
Bothrs,https://www.bothrs.com/careers
Mogli,https://www.mogli.com/about/team
Solv.,https://jobs.lever.co/solvhealth
DoubleVerify,https://doubleverify.com/careers/current-openings/
stakefish,https://stake.fish/jobs
Codesmith,https://www.linkedin.com/company/codesmithdev/jobs
Axon,https://boards.greenhouse.io/axon/
Buildertrend,https://buildertrend.com/careers/
Lunio,https://lunio.ai/about-us/careers/
Coveo,https://www.coveo.com/en/company/careers
Worksighted,https://boards.greenhouse.io/worksighted/
Zerto,https://www.zerto.com/company/careers/
Salem Media Group,https://www.linkedin.com/company/salemmediagroup/jobs/
Figure,https://boards.greenhouse.io/figure
Avaya,https://www.linkedin.com/company/avaya/jobs/
Suzy,https://www.linkedin.com/company/asksuzy/jobs/
Bynder,https://careers.bynder.com/
Absolute Software,https://jobs.jobvite.com/absolute
Flare,https://www.comeet.com/jobs/flare/36.00F
Vertex Inc.,https://www.linkedin.com/company/vertex-inc./jobs/
insightsoftware,https://insightsoftware.com/careers/
Airwallex,https://www.linkedin.com/company/airwallex/jobs/
Audicus,https://boards.greenhouse.io/audicus
InvoiceCloud  Inc.,https://www.linkedin.com/company/invoice-cloud-inc/jobs/
Kobiton,https://kobiton.com/careers/
Gameloft,https://www.linkedin.com/company/gameloft/jobs/
Astranis Space Technologies,https://boards.greenhouse.io/astranis
Scratchpad,https://www.scratchpad.com/careers
Clockwork,https://www.clockwork.com/careers/
Salute Safety,https://www.salutesafety.com/join-our-team
WellnessLiving,https://jobs.gohire.io/wellnessliving-zvcrxvet/
Uberall,https://jobs.eu.lever.co/uberall
PwC,https://www.linkedin.com/company/pwc/jobs/
incident.io,https://incident.io/careers
Mercedes-Benz Research & Development North America  Inc.,https://jobs.lever.co/MBRDNA
Upraised,https://upraised.freshteam.com/jobs/
Birdie,https://www.birdie.care/join-us
Expedia Group,https://expediagroup.com/careers/default.aspx
Workable,https://www.linkedin.com/company/workable-hr/jobs/
the LEGO Group,https://www.linkedin.com/company/lego-group/jobs/
Arhaus,https://recruiting.ultipro.com/ARH1000ARH/JobBoard/e5051b40-e91f-fa81-f0bf-ed2e9361f690/?q=&o=postedDateDesc&w=&wc=&we=&wpst=
Asana,https://asana.com/jobs/all
Pax8,https://www.pax8.com/en-us/careers/
Community Brands,https://www.linkedin.com/company/communitybrands/jobs/
Evisort,https://www.linkedin.com/company/evisort/jobs/
Optiply,https://optiply.com/nl/vacatures/
SafeLease,https://jobs.lever.co/SafeLease
Flex Technology Group,https://flextgcareers.ttcportals.com/jobs/search
Billd,https://billd.com/careers/
Stryker,https://www.linkedin.com/company/stryker/jobs/
Plotly,https://boards.greenhouse.io/plotly/
Tucows,https://www.tucows.com/careers/opportunities
ASAPP,https://jobs.lever.co/asapp-2
ASCENDING Inc.,https://www.linkedin.com/company/ascendingllc/jobs/
Provenir,https://www.provenir.com/careers/
Plentific,https://www.plentific.com/en-us/careers
Cognota,https://cognota.com/careers/
Hawk Ridge Systems,https://recruiting2.ultipro.com/HAW1006HARI/JobBoard/e2ed3d02-77ba-4ea8-b0b4-a59d2b7c6bb9/?q=&o=postedDateDesc&w=&wc=&we=&wpst=
Baton,https://boards.greenhouse.io/baton
SumUp,https://www.sumup.com/careers/positions/
Agiloft,https://jobs.lever.co/agiloft/
Webflow,https://www.linkedin.com/company/webflow-inc-/jobs/
FloQast,https://jobs.lever.co/floqast/
Formlabs,https://careers.formlabs.com/asia/
Design Interactive  Inc.,https://recruiting.paylocity.com/recruiting/jobs/All/7e700d27-1c17-4273-9855-c424190be932/Design-Interactive-Inc
interface.ai,https://www.linkedin.com/company/interface-ai/jobs/
Axe Staffing & Recruiting,https://axestaffingrecruiting.recruitee.com
BambooHR,https://www.linkedin.com/company/bamboohr/jobs/
Corestream,https://recruitingbypaycor.com/career/CareerHome.action?clientId=8a7883c6894c4dc90189694bd55509d1
Vista Packaging and Logistics,https://secure.entertimeonline.com/ta/VistaPackaging.careers?CareersSearch
Dealpath,https://www.dealpath.com/careers/
CVS Health,https://www.linkedin.com/company/cvshealth/jobs/
Toast,https://careers.toasttab.com/jobs/search
Infinitus Systems  Inc.,https://jobs.lever.co/infinitus
Oneflow,https://www.linkedin.com/company/oneflowcom/jobs/
Thanx,https://boards.greenhouse.io/thanx
SmartBear,https://smartbear.com/company/careers/
Mediafly,https://jobs.lever.co/Mediafly
Apploi,https://apploi.com/careers/
TaskRay,https://www.taskray.com/careers/
ReminderMedia,http://careers.remindermedia.com/
Unily,https://unily.teamtailor.com/
X  the moonshot factory,https://www.linkedin.com/company/x/jobs/
Aurora Solar,https://jobs.ashbyhq.com/aurorasolar
365 Retail Markets,https://365retailmarkets.com/careers/
Apollo.io,https://boards.greenhouse.io/apolloio/
Certain Affinity,https://www.linkedin.com/company/certain-affinity/jobs/
Corsha,https://www.linkedin.com/company/corsha/jobs/
Couchbase,https://boards.greenhouse.io/couchbaseinc
GROPYUS,https://www.linkedin.com/company/gropyus/jobs/
GitKraken,https://www.gitkraken.com/careers
Smartcat,https://www.linkedin.com/company/smartcatai/jobs/
Jellyfish,https://boards.greenhouse.io/jellyfish/
Tailscale,https://tailscale.com/careers/
Liquid Web,https://www.liquidweb.com/careers/postings/
Sourcewell,https://sourcewell.wd1.myworkdayjobs.com/SWCareers
Zylo,https://recruiting.paylocity.com/recruiting/jobs/All/f13aa047-0fd6-4ae1-95d3-058f4f531973/ZYLO-INC
Sprinklr,https://www.linkedin.com/company/sprinklr/jobs/
Vareto,https://boards.greenhouse.io/vareto/
Bluebeam  Inc.,https://www.linkedin.com/company/bluebeam-software/jobs/
Flipp,https://corp.flipp.com/job-openings/
Kojo,https://www.usekojo.com/careers
TapMango,https://www.tapmango.com/careers/
Younite-AI,https://younite-ai.com/careers
Triptych,https://www.l2d.co/careers
Authorized Acquisitions,https://aa-medical.rippling-ats.com/
At-Bay,https://www.linkedin.com/company/at-bay/jobs/
Supermetrics,https://supermetrics.com/careers
Whova,https://whova.com/jobs/
IZEA,https://izea.com/company/careers/apply-to-join-izea/
MRE Consulting,https://mre-consulting.com/careers/
Provi,https://www.linkedin.com/company/provihq/jobs/
Respondent,https://jobs.lever.co/respondent/
Relay Network,https://www.linkedin.com/company/relay-network-llc/jobs/
Intuition Machines,https://www.linkedin.com/company/intuition-machines-inc./jobs/
Archimedes,https://careers.archimedesfi.com/
Reverb,https://reverb.com/page/jobs
Vicinity Energy,https://www.vicinityenergy.us/careers
Northbeam,https://boards.greenhouse.io/northbeam
Paynuity,https://jobs.lever.co/paynuity/
GuestReady,https://www.linkedin.com/company/guestready/jobs/
Figma,https://boards.greenhouse.io/figma/
Heartland,https://www.linkedin.com/company/heartland-payment-systems/jobs/
Esusu,https://esusurent.com/careers/
Everytable,https://www.linkedin.com/company/everytable/jobs/
MachineMetrics,https://www.machinemetrics.com/careers
Stackline,https://boards.greenhouse.io/stackline
VETRO  Inc.,https://vetro-fibermap-inc.breezy.hr
TriNet,https://www.linkedin.com/company/trinet/jobs/
Shinydocs,https://shinydocs.applytojob.com
Premier Inc.,https://www.linkedin.com/company/premierinc/jobs/
Simulmedia,https://jobs.lever.co/simulmedia/
Semrush,https://www.linkedin.com/company/semrush/jobs/
Superblocks,https://boards.greenhouse.io/superblocks/
Stayntouch,https://www.stayntouch.com/careers/
Litmos,https://www.litmos.com/company/careers
Unbabel,https://careers.unbabel.com/
Adverity,https://www.adverity.com/careers
Coastal Cloud,https://coastalcloud.us/coastal-cloud-careers-2-2-2/
GlobalLogic,https://www.linkedin.com/company/globallogic/jobs/
Monte Carlo,https://jobs.ashbyhq.com/montecarlodata
Real,https://www.linkedin.com/company/realnyc/jobs/
LaunchDarkly,https://boards.greenhouse.io/launchdarkly/
Mutinex,https://www.linkedin.com/company/mutinex/jobs/
Priority1,https://www.linkedin.com/company/priority1/jobs/
Stampli,https://stampli.com/careers
Grant Thornton LLP (US),https://www.linkedin.com/company/grant-thornton-llp/jobs/
Pleo,https://www.pleo.io/en/careers/jobs
Dropbox,https://www.linkedin.com/company/dropbox/jobs/
Clio - Cloud-Based Legal Technology,https://www.linkedin.com/company/clio---cloud-based-legal-technology/jobs/
Traba,https://www.linkedin.com/company/traba-work/jobs/
ROLLER,https://www.linkedin.com/company/roller/jobs/
Fidelity Investments,https://www.linkedin.com/company/fidelity-investments/jobs/
ADP,https://www.linkedin.com/company/adp/jobs/
Schell Games,https://schellgames.com/careers
Amplemarket,https://www.amplemarket.com/careers
Grafana Labs,https://www.linkedin.com/company/grafana-labs/jobs/
LegitScript,https://www.legitscript.com/about/careers/
ZeroFox,https://jobs.lever.co/zerofox
Abridge,https://jobs.lever.co/abridge/
Lenovo,https://jobs.lenovo.com/careers/SearchJobs/?jobRecordsPerPage=10&
Patch,https://jobs.lever.co/patch/
Aquinas Consulting,https://www.linkedin.com/company/aquinas-consulting/jobs/
BlackBerry,https://www.linkedin.com/company/blackberry/jobs/
Hightouch,https://hightouch.com/careers
CARTO,https://jobs.lever.co/cartodb
iCapital,https://boards.greenhouse.io/icapitalnetwork
FORM,https://jobs.lever.co/form
Kimoby,https://www.kimoby.com/careers
Ripple,https://www.linkedin.com/company/rippleofficial/jobs/
CubeLogic,https://cubelogic.com/careers/
VRChat Inc.,https://jobs.lever.co/vrchat
intenseye,https://jobs.lever.co/intenseye/
,https://gohighlevel.com/careers
Hyperproof,https://hyperproof.io/working-at-hyperproof/
Criteo,https://www.linkedin.com/company/criteo/jobs/
Chainalysis,https://www.chainalysis.com/careers/job-openings/
Stack Overflow,https://stackoverflow.com/jobs/companies?so_medium=stackoverflow&so_source=SiteNav
AudioEye,https://boards.greenhouse.io/audioeye/
Bluevine,https://www.linkedin.com/company/bluevine/jobs/
iSpot.tv,https://www.ispot.tv/about/careers/listings
Abnormal Security,https://careers.abnormalsecurity.com/open-roles
Tegus,https://jobs.lever.co/tegus
Resourcely,https://jobs.ashbyhq.com/resourcely/
Naologic,https://naologic.com/careers/jobs
Zscaler,https://www.linkedin.com/company/zscaler/jobs/
Kforce Inc,https://www.linkedin.com/company/kforce/jobs/
STIGroup,https://careers.hireology.com/stig
Gartner,https://jobs.gartner.com/search-jobs?_its=JTdCJTIydmlkJTIyJTNBJTIyNzE4YTdhY2MtYTcwZi00YjEwLTliNzItZmNmY2E3MjY4ODMwJTIyJTJDJTIyc3RhdGUlMjIlM0ElMjJybHR%2BMTY5Nzc5Njc5MX5sYW5kfjJfMTY0NjdfZGlyZWN0XzQ0OWU4MzBmMmE0OTU0YmM2ZmVjNWMxODFlYzI4Zjk0JTIyJTJDJTIyc2l0ZUlkJTIyJTNBNDAxMzElN0Q%3D
Q4,https://jobs.lever.co/q4inc
BigPanda,https://www.linkedin.com/company/bigpanda/jobs/
FutureFit AI,https://jobs.ashbyhq.com/futurefitai/
Census,https://www.getcensus.com/careers
The Patrick J. McGovern Foundation,https://www.linkedin.com/company/mcgovern-foundation/jobs/
Torus,https://www.linkedin.com/company/torusrev/jobs/
AIM Consulting Group,https://aimconsulting.com/careers
Crowe,https://www.linkedin.com/company/crowe/jobs/
Lead Forensics,https://www.linkedin.com/company/lead-forensics/jobs/
FX Innovation,https://www.fxinnovation.com/jobs/
Allied Global Marketing,https://www.linkedin.com/company/allied-global-mkg/jobs/
Reddit  Inc.,https://www.redditinc.com/careers
Modern Energy,https://jobs.lever.co/modern
Guesty,https://www.guesty.com/careers/
Varicent,https://www.varicent.com/cs/c/?cta_guid=094069ca-328e-4457-9392-e60b08e922d2&signature=AAH58kGH0GjZ1VuOEctuYmKUpgcmGEbvKQ&pageId=30755879350&placement_guid=ef2e75a2-f9ed-4f5c-86f8-1c1598a23f78&click=1432afd2-fcfc-487d-a3fe-302bf709052f&hsutk=ade1304308b54e0c37a3a91d2837ac78&canon=https%3A%2F%2Fwww.varicent.com%2Fcompany%2Fcareers&portal_id=6899630&redirect_url=APefjpEOsSFib4GHFRQFp_jG3RpCqSVCviILkt9BS1dy5RMTJgAdFnsoI-IHD6zptW2qYJ44rtqXWcaMwOPIijhEhZS82oQnlmLaAdG64Ddubj5BPbQj-v8&ts=1697577023453&__hstc=104425759.ade1304308b54e0c37a3a91d2837ac78.1697577024141.1697577024141.1697577024141.1&__hssc=104425759.1.1697577024143&__hsfp=2764680836&contentType=standard-page
Leapsome,https://jobs.ashbyhq.com/leapsome/
Perforce Software,https://www.linkedin.com/company/perforce/jobs/
Sonatype,https://jobs.lever.co/sonatype/
ZipRecruiter,https://www.ziprecruiter.com/Search-Jobs-Near-Me
Farm Credit Services of America,https://www.linkedin.com/company/farm-credit-services-of-america/jobs/
Brightly,https://recruiting.paylocity.com/recruiting/jobs/All/2e9b79ad-c442-43b2-89fe-4fecaa2fde04/Brightly-Software-Inc
Motorola Solutions,https://www.linkedin.com/company/motorolasolutions/jobs/
Yardi,https://careers.yardi.com/openings/
Freshworks,https://careers.smartrecruiters.com/Freshworks
Alianza  Inc.,https://www.linkedin.com/company/alianza/jobs/
Blackcart,https://apply.workable.com/blackcart
ModMed,https://www.modmed.com/company/careers/
impact.com,https://www.linkedin.com/company/impactdotcom/jobs/
HealthJoy,https://www.healthjoy.com/careers
ANSER,https://anser.org/careers/opportunity/
Lula Group,https://www.linkedin.com/company/lula-group/jobs/
Vestmark,https://www.vestmark.com/careers
Yahoo,https://www.linkedin.com/company/yahoo/jobs/
JumpCloud,https://jobs.lever.co/jumpcloud/
Reach Progress PBC,https://www.reach.vote/jobs/
Mavrck,https://www.mavrck.co/careers/
DearDoc,https://www.linkedin.com/company/getdeardoc/jobs/
Alegeus,https://www.linkedin.com/company/alegeus-technologies/jobs/
BMNT,https://boards.greenhouse.io/bmnt
JLL Technologies,https://www.linkedin.com/company/jlltechnologies/jobs/
Craft.co,https://enterprise.craft.co/careers
BD,https://www.linkedin.com/company/bd1/jobs/
Scratch Financial,https://jobs.lever.co/scratchfinancial/
Xendoo Online Bookkeeping & Accounting,https://www.linkedin.com/company/xendoo/jobs/
CleverTap,https://jobs.lever.co/clevertap/
Bonterra,https://bonterra.wd1.myworkdayjobs.com/bonterratech
Stout Systems,https://www.stoutsystems.com/job-search-michigan-and-beyond/
Chronosphere,https://www.linkedin.com/company/chronosphereio/jobs/
Logixboard,https://jobs.lever.co/logixboard
Aclima  Inc.,https://www.aclima.io/careers
Liberty Mutual Insurance,https://www.linkedin.com/company/liberty-mutual-insurance/jobs/
Hotjar,https://www.linkedin.com/company/hotjar/jobs/
Talend,https://talend.teamtailor.com/
Zip,https://www.linkedin.com/company/theziphq/jobs/
Loft Orbital,https://jobs.lever.co/loftorbital
Agilyx,https://agilyx.com/careers/
Crunchtime,https://www.crunchtime.com/open-positions
Sprockets,https://sprockets.ai/careers/
Soundstripe,https://app.soundstripe.com/careers
N1 Health,https://www.n1health.com/about/careers/
CHEQ,https://cheq.ai/careers/
Investis Digital,https://investisdigital.bamboohr.com/jobs
Auror,https://www.linkedin.com/company/auror/jobs/
Embark,https://embarkwithus.wd1.myworkdayjobs.com/embarkcareersite
Certn,https://certn.co/careers/
PandaDoc,https://www.pandadoc.com/careers/
Availity,https://www.linkedin.com/company/availity/jobs/
RevenueCat,https://www.revenuecat.com/careers/
OpenPhone,https://www.openphone.com/careers
Archer Integrated Risk Management,https://recruiting.ultipro.com/RSA1000RSAS/JobBoard/d9232f43-e112-4585-a5de-af3dbf681e76
Owner.com,https://jobs.lever.co/owner/
Paylocity,https://www.linkedin.com/company/paylocity/jobs/
InfoTrust,https://infotrust.com/careers
Pivotal,https://jobs.lever.co/pivotal
Cognism,https://www.cognism.com/careers
Lydonia Technologies,https://lydoniatech.com/career/
Recorded Future,https://boards.greenhouse.io/recordedfuture/
Tech Talent & Strategy,https://www.linkedin.com/company/tech-talent-and-strategy/jobs/
Palo Alto Networks,https://jobs.paloaltonetworks.com/en/jobs/
Sift,https://sift.com/careers
Top Hat,https://jobs.lever.co/tophat
SpotOn,https://www.spoton.com/careers/
Osano,https://jobs.lever.co/Osano
parcelLab,https://jobs.lever.co/parcellab/
Klara,https://www.klara.com/careers/jobs
Premise,https://www.premise.com/careers/
HSTK (Haystack),https://hstk.breezy.hr
COOP by Ryder™,https://jobs.coop.com/
InMarket,https://www.linkedin.com/company/inmarket_1/jobs/
Plative,https://www.linkedin.com/company/plative/jobs/
H1,https://jobs.lever.co/h1
Seequent,https://seequent.csod.com/ux/ats/careersite/1/home?c=seequent
PingCAP,https://jobs.lever.co/pingcap/
CleanHub,https://www.linkedin.com/company/cleanhub/jobs/
Zocdoc,https://www.zocdoc.com/about/careers-list/
Sequel.io,https://www.linkedin.com/company/sequelio/jobs/
FareHarbor,https://fareharbor.com/jobs/all/
Multilingual Jobs Worldwide,https://www.multilingualjobsworldwide.com/jobs
Go1,http://boards.greenhouse.io/go1us
Vena Solutions,https://www.lifeatvena.com/jobs
CGI,https://www.linkedin.com/company/cgi/jobs/
Red River,https://www.linkedin.com/company/red-river-technology/jobs/
Midwest Family Marketing,https://www.midwestfamilymadison.com/careers/
Equinix,https://www.linkedin.com/company/equinix/jobs/
United Imaging Healthcare,https://www.linkedin.com/company/united-imaging-healthcare/jobs/
Descript,https://www.descript.com/careers
Axis Communications,https://www.linkedin.com/company/axis-communications/jobs/
Plate IQ,https://www.linkedin.com/company/plateiq/jobs/
Grindr,https://boards.greenhouse.io/grindr/
LeadIQ,https://jobs.ashbyhq.com/leadiq/
Guild,https://www.linkedin.com/company/guildeducation/jobs/
Sysdig,https://boards.greenhouse.io/sysdig/
Blue Yonder,https://careers.blueyonder.com/
EngageSmart,https://engagesmart.com/careers-engagesmart/
Sunrun,https://www.linkedin.com/company/sunrun/jobs/
AAMP Global,https://www.linkedin.com/company/aamp-of-america/jobs/
Motive,https://www.linkedin.com/company/motive-inc/jobs/
BOK Financial,https://www.linkedin.com/company/bok-financial/jobs/
Aircall,https://jobs.lever.co/aircall
Sigma Computing,https://boards.greenhouse.io/sigmacomputing/
Numeris,https://jobs.lever.co/numeris/
Form3,https://www.form3.tech/careers
Orca Security,https://orca.security/about/careers/
ApolloMed,https://www.linkedin.com/company/apollo-med/jobs/
doxo,https://www.doxo.com/about/careers/
Storfund,https://storfund.com/careers/
Easygenerator,https://www.linkedin.com/company/easygenerator/jobs/
Visualping,https://www.linkedin.com/company/visualping/jobs/
CONTROLTEK,https://controltekusa.com/careers
New Breed,https://www.newbreedrevenue.com/careers
Pave,https://boards.greenhouse.io/paveakatroveinformationtechnologies
Multiverse,https://www.linkedin.com/company/joinmultiverse/jobs/
Siteline,https://www.siteline.com/about-us
Coherent,https://coherent.bamboohr.com/jobs
Pontosense,https://jobs.ashbyhq.com/Pontosense
Uniphore,https://jobs.lever.co/uniphore/
Zapier,https://zapier.com/jobs/
TransPerfect,https://www.linkedin.com/company/transperfect/jobs/
Deloitte,https://www.linkedin.com/company/deloitte/jobs/
Trustpilot,https://www.linkedin.com/company/trustpilot/jobs/
Bestpass,https://bestpass.com/about-us/careers
WP Engine,https://www.linkedin.com/company/wpengine/jobs/
Jackpocket,https://www.linkedin.com/company/jackpocket/jobs/
Rewiring America,https://apply.workable.com/rewiring-america
Other World Computing,https://owc.applytojob.com/apply
QA Consultants,https://qaconsultants.com/careers/
7shifts: Team Management for Restaurants,https://boards.greenhouse.io/7shifts/
Docebo,https://jobs.lever.co/docebo/
DeepL,https://jobs.deepl.com/
Connection,https://www.linkedin.com/company/connection-it/jobs/
CMI Media Group,https://www.linkedin.com/company/cmimediagroup/jobs/
Venn Technology,https://www.linkedin.com/company/venn-technology/jobs/
Lyra Health,https://jobs.lever.co/lyrahealth/
OneCause,https://jobs.jobvite.com/onecause/
Sonrai Security,https://www.linkedin.com/company/sonrai-security/jobs/
1Password,https://jobs.lever.co/1password/
Living Security,https://www.livingsecurity.com/careers-and-culture
Factbird,https://www.linkedin.com/company/factbird-aps/jobs/
Front,https://jobs.lever.co/frontapp
Ansys,https://www.linkedin.com/company/ansys-inc/jobs/
D2L,https://www.d2l.com/careers/jobs/
Preply,https://www.linkedin.com/company/preply/jobs/
Restaurant365,https://jobs.lever.co/restaurant365/
DexCare,https://jobs.lever.co/dexcarehealth
CoinTracker,https://www.linkedin.com/company/cointracker/jobs/
Bright Machines,https://jobs.lever.co/brightmachines/
Kodiak,https://jobs.lever.co/kodiak
Ahern,https://www.linkedin.com/company/j--f--ahern-co-/jobs/
Orb,http://withorb.com/careers
BioRender,https://jobs.lever.co/biorender/
FlutterFlow,https://www.ycombinator.com/companies/flutterflow/jobs
Canary Technologies,https://jobs.lever.co/canarytechnologies/
Cryptio,https://www.linkedin.com/company/cryptio/jobs/
Zoox,https://jobs.lever.co/zoox/
Rootstock Software,https://rootstock-software.breezy.hr
Algolia,https://www.linkedin.com/company/algolia/jobs/
Elephant Energy,https://elephantenergy.com/elephant-careers/
Narmi,https://jobs.lever.co/narmi/
Comeet,https://www.comeet.co/jobs/comeet/30.005?__hstc=105140060.e20df2b0b93c0083bacdefb3707756a9.1697743172556.1697743172556.1697743172556.1&__hssc=105140060.1.1697743172557&__hsfp=2764680836
Lithic,https://www.lithic.com/careers
HackerOne,https://jobs.ashbyhq.com/hackerone
Qualified,https://jobs.lever.co/qualified
BECU,https://www.linkedin.com/company/becu/jobs/
DirectShifts,https://www.directshifts.com/careers
Vanta,https://jobs.ashbyhq.com/vanta
Precisely,https://www.linkedin.com/company/preciselydata/jobs/
CaptivateIQ,https://jobs.lever.co/captivateiq/
Antithesis,https://antithesis.breezy.hr/
ClickTime,https://jobs.lever.co/clicktime/
HubSpot,https://www.hubspot.com/careers/jobs?hubs_signup-cta=careers-nav-cta&hubs_content=www.hubspot.com%2F&hubs_content-cta=null
LMAX Group,https://careers.lmax.com/job-openings/
Genies,https://boards.greenhouse.io/genies/
Leapfin,https://www.leapfin.com/careers/
Juniper Networks,https://careers.juniper.net/
WillowTree,https://www.linkedin.com/company/willowtree/jobs/
TestBox,https://www.testbox.com/career
Petal,https://petalmd.recruitee.com
Veeva Systems,https://careers.veeva.com/job-search-results/
Workato,https://boards.greenhouse.io/workato
Promenade Group,https://www.linkedin.com/company/promenade-co/jobs/
Mastercard,https://www.linkedin.com/company/mastercard/jobs/
CodeHS,https://codehs.hire.trakstar.com/
Moloco,https://boards.greenhouse.io/moloco/
Merge,https://www.merge.dev/careers
Tresata,https://tresata.ai/careers/
Acquia,https://www.acquia.com/careers/open-positions
Zeta Global,https://zetaglobal.com/about/life-at-zeta/
Bazaarvoice,https://jobs.lever.co/bazaarvoice/
Infostrux Solutions,https://www.infostrux.com/careers
RLDatix,https://www.linkedin.com/company/rldatix/jobs/
Aquatic Capital Management,https://boards.greenhouse.io/aquaticcapitalmanagement/
Cisco,https://jobs.cisco.com/jobs/SearchJobs/?source=Cisco+Jobs+Career+Site&tags=CDC+Browse+all+jobs+careers
Hotel Engine,https://boards.greenhouse.io/hotelengine/
Silverfort,https://www.linkedin.com/company/silverfort/jobs/
Quorum,https://www.quorum.us/about/careers/
Tulip Interfaces,https://tulip.co/careers
Modern Treasury,https://jobs.ashbyhq.com/moderntreasury/
Porch Group,https://porchgroup.com/careers
Placer.ai,https://www.placer.ai/company/we-are-hiring
3Cloud,https://boards.greenhouse.io/3cloud/
Insider.,https://jobs.lever.co/useinsider
JLL,https://www.linkedin.com/company/jll/jobs/
Chewy,https://www.linkedin.com/company/chewy-com/jobs/
EagleView,https://www.linkedin.com/company/eagleview-technologies-inc/jobs/
Marco Technologies,https://jobs.lever.co/marco
Teamwork.com,https://www.linkedin.com/company/teamwork-com/jobs/
Apty,https://www.linkedin.com/company/apty/jobs/
AMAROK Security,https://amarok.com/careers/
SuperAnnotate,https://www.linkedin.com/company/superannotate/jobs
Pica8  Inc.,https://www.pica8.com/company/careers/
LinkedIn,https://www.linkedin.com/jobs?trk=homepage-basic_directory_jobsHomeUrl
Bevi,https://bevi.co/careers/
The AES Corporation,https://www.linkedin.com/company/aes/jobs/
HME,https://www.hme.com/careers/
Digital Asset,https://boards.greenhouse.io/digitalasset/
Voice123,https://voice123.com/voice-over-jobs
Fandom,https://about.fandom.com/careers
Digital.ai,https://digital.ai/current-job-openings
IBM,https://www.linkedin.com/company/ibm/jobs/
Klue,https://jobs.lever.co/klue/
Convertr,https://www.convertr.io/careers
Ashby,https://www.ashbyhq.com/careers
Prodigy Education,https://jobs.lever.co/prodigyeducation/
Pipe17,https://pipe17.com/careers/
Paper,https://paper.wd3.myworkdayjobs.com/Paper_Careers
Nirvana Insurance,https://www.linkedin.com/company/nirvana-tech/jobs/
NeuraFlash,https://www.neuraflash.com/join-our-team/jobs
Drata,https://drata.com/careers
Intuit,https://www.linkedin.com/company/intuit/jobs/
Snowflake,https://www.linkedin.com/company/snowflake-computing/jobs/
Redaptive  Inc,https://jobs.lever.co/redaptiveinc/
Chef Robotics,https://jobs.lever.co/ChefRobotics
Lumavate,https://www.lumavate.com/company/careers
EvolutionIQ,https://evolutioniq.com/careers/
Moody's Analytics,https://www.linkedin.com/company/moodysanalytics/jobs/
Cambly Inc.,https://www.linkedin.com/company/cambly/jobs/
Egen,https://jobs.lever.co/egensolutions?team=Engineering%20and%20Product%20Management
Path,https://jobs.ashbyhq.com/pathmentalhealth
Forward,https://jobs.lever.co/goforward
PM Group,https://www.linkedin.com/company/pm-group_165501/jobs/
Backbase,https://www.backbase.com/careers/jobs
Aeonsemi,https://aeonsemi.com/jobs?locale=en
JFrog,https://www.linkedin.com/company/jfrog-ltd/jobs/
Awardco,https://www.linkedin.com/company/awardco/jobs/
Flying Cat Marketing,https://flyingcatmarketing.com/careers/
AppFolio  Inc.,https://www.appfolio.com/open-roles
Intapp,https://www.linkedin.com/company/intapp/jobs/
Atlassian,https://www.linkedin.com/company/atlassian/jobs/
Hearsay Systems,https://jobs.lever.co/hearsaysystems/
Jackpot.com,https://www.jackpot.com/careers
PitchBook,https://www.linkedin.com/company/pitchbook/jobs/
Arcade,https://jobs.ashbyhq.com/arcade/
Vicasso | We Accelerate Service,https://www.vicasso.com/company/careers
Helium SEO,https://heliumseo.applytojob.com
Torch Dental,https://jobs.lever.co/torchdental
Spring Health,https://www.springhealth.com/open-roles
Paxos,https://paxos.com/careers/
Flowcode,https://boards.greenhouse.io/flowcode
MOSTLY AI,https://mostly.ai/jobs
Emarsys,https://jobs.emarsys.com/
ezCater,https://boards.greenhouse.io/ezcaterinc
athenahealth,https://www.linkedin.com/company/athenahealth/jobs/
OxBlue,https://www.oxblue.com/company/careers
Klaviyo,https://www.linkedin.com/company/klaviyo/jobs/
Attentive,https://jobs.lever.co/attentive/
Spokeo,https://www.spokeo.com/careers/jobs
The Believer Company,https://believer.gg/jobs
Shopmonkey,https://www.shopmonkey.io/careers
Plante Moran,https://www.linkedin.com/company/plante-moran/jobs/
Impact Networking  LLC,https://careers.impactmybiz.com/search/jobs
Passport,https://www.linkedin.com/company/passportshipping/jobs/
MongoDB,https://www.linkedin.com/company/mongodbinc/jobs/
McKesson,https://www.linkedin.com/company/mckesson/jobs/
Sprout Social  Inc.,https://sproutsocial.com/careers/open-positions/
Feedonomics,https://www.linkedin.com/company/feedonomics/jobs/
Automox,https://jobs.lever.co/automox/
DrFirst  Inc.,https://careers-drfirst.icims.com/jobs/2023/architect/job
Apptegy,https://jobs.lever.co/apptegy
GroupA,https://www.linkedin.com/company/groupa/jobs/
Momence,https://www.linkedin.com/company/themomence/jobs/
Formstack,https://jobs.lever.co/formstack/
FLEX College Prep,https://jobs.lever.co/flexcollegeprep/
Montoux,https://www.montoux.com/careers
Sage Intacct  Inc.,https://www.sage.com/en-us/company/careers/career-search/
Jeeng  an OpenWeb company,https://www.jeeng.com/careers/
Built Technologies,https://boards.greenhouse.io/getbuilt
Rapid7,https://careers.rapid7.com/jobs/search
Neo Financial,https://www.linkedin.com/company/neo-financial/jobs/
Anomalo,https://www.anomalo.com/jobs
Spiff Inc,https://spiff.com/careers/
Accenture,https://www.linkedin.com/company/accenture/jobs/
Ad Hoc LLC,https://adhoc.team/join/jobs/
Dataiku,https://www.dataiku.com/careers/
Plenty of Fish,https://jobs.lever.co/matchgroup
OneSignal,https://www.linkedin.com/company/onesignal/jobs/
PayNearMe,https://www.linkedin.com/company/paynearme/jobs/
Thunkable,https://jobs.lever.co/thunkable/
Ramp,https://jobs.ashbyhq.com/ramp
Fair Square,https://jobs.ashbyhq.com/fairsquaremedicare/
Remote,https://www.linkedin.com/company/remote.com/jobs/
Umbra,https://umbralab.bamboohr.com/jobs
Planet DDS,https://planetdds.applytojob.com
PolyAI,https://poly.ai/company/careers/
Tekion Corp,https://www.linkedin.com/company/tekion/jobs/
Sees Candy Shops Inc,https://sees.wd1.myworkdayjobs.com/Sees_Candies
Cognitive3D,https://www.linkedin.com/jobs/engineer-jobs?trk=organization_guest-browse_jobs
Microchip Technology Inc.,https://wd5.myworkdaysite.com/en-US/recruiting/microchiphr/External
Social Factor,https://www.linkedin.com/company/social-factor/jobs/
Kiteworks,https://kiteworks.bamboohr.com/jobs
Upfort,https://boards.greenhouse.io/upfort
Autodesk,https://www.linkedin.com/company/autodesk/jobs/
XSELL Technologies,https://xselltechnologies.applytojob.com
Virtuozzo,https://virtuozzo.bamboohr.com/careers
Fusion Worldwide,https://www.linkedin.com/company/fusion-worldwide/jobs/
Pickle Robot Company,https://jobs.lever.co/picklerobot
Marigold,https://www.linkedin.com/company/meet-marigold/jobs/
Uptempo,https://jobs.eu.lever.co/uptempo
Newfront,https://jobs.lever.co/newfrontinsurance
ComplYant,https://complyant.breezy.hr/
Coupa Software,https://www.linkedin.com/company/coupa-software/jobs/
Personio,https://www.linkedin.com/company/personio/jobs/
Snagajob,https://www.snagajob.com/career
Xembly,https://www.xembly.com/jobs
Pigment,https://jobs.lever.co/pigment/
Alma,https://boards.greenhouse.io/alma/
Dynatrace,https://www.linkedin.com/company/dynatrace/jobs/
Regal.io,https://jobs.lever.co/regalvoice
OpsLevel,https://jobs.lever.co/opslevel/
Color Of Change,https://jobs.lever.co/colorofchange/
AbbVie,https://www.linkedin.com/company/abbvie/jobs/
Verve Group,https://vervegroup.recruitee.com/
Canva,https://jobs.lever.co/canva/
Partly,https://www.partly.com/careers/open-roles
AHEAD,https://jobs.lever.co/thinkahead
Lusha,https://www.lusha.com/careers/
MedBridge,https://recruiting.paylocity.com/recruiting/jobs/All/235886f5-63d7-4b56-883a-0fbad71bff8b/MedBridge-Inc
Totango,https://totango.applytojob.com
BILL,https://www.bill.com/about-us/jobs
LogicMonitor,https://www.linkedin.com/company/logicmonitor/jobs/
Technical Toolboxes,https://technicaltoolboxes.com/careers/
Rover.com,https://jobs.lever.co/rover
Fleetio,https://www.fleetio.com/careers
Aspire,https://www.linkedin.com/company/aspireio/jobs/
Flare,https://flare.io/company/careers/
Logikcull | a reveal technology,https://jobs.lever.co/logikcull/
Ekata  a Mastercard company,https://mastercard.wd1.myworkdayjobs.com/CorporateCareers?q=Ekata
StrongMind,https://recruiting2.ultipro.com/STR1017SMINC/JobBoard/e883a137-8797-484c-bf4d-c3d514ec5e38
Candid Health,https://www.linkedin.com/company/candid-health/jobs/
Walmart Connect,https://careers.walmart.com/results?q=Walmart%20Connect&page=1&sort=rank&expand=department,brand,type,rate&jobCareerArea=all
MAVAN,https://www.linkedin.com/company/mavan/jobs/
Optm,https://optm.com/company/careers#Open-Roles
Ontra,https://www.ontra.ai/careers/
Box,https://www.linkedin.com/company/box/jobs/
Auvik,https://www.auvik.com/careers/
Systech International,https://careers.dovercorporation.com/search/?createNewAlert=false&q=systech&locationsearch=&optionsFacetsDD_department=&optionsFacetsDD_facility=
Donut,https://jobs.lever.co/donut
Guardsquare,https://boards.greenhouse.io/guardsquare/
SettleMint,https://www.linkedin.com/company/settlemint/jobs/
ClassDojo,https://www.classdojo.com/jobs/
EasyPost,https://jobs.lever.co/easypost-2
ShareFile,https://careers.cloud.com/jobs/search/sharefile
Block Renovation,https://boards.greenhouse.io/blockrenovation/
Nordcloud  an IBM Company,https://nordcloud-career.breezy.hr
CybSafe,https://www.linkedin.com/company/cybsafe-limited/jobs/
Braze,https://www.braze.com/company/careers
Echobot,https://www.echobot.com/career/
Checkr  Inc.,https://checkr.com/company/careers/open-careers
Tyson & Mendes,https://www.tysonmendes.com/careers/
Nuts.com,https://nuts.com/careers
Seqera Labs,https://seqera.io/careers/
Runway,https://jobs.ashbyhq.com/runway/
LHH,https://www.linkedin.com/company/lee-hecht-harrison/jobs/
brightwheel,https://jobs.lever.co/brightwheel/
Cepton,https://jobs.lever.co/cepton/
Addigy,https://addigy.bamboohr.com/careers
PSD Citywide,https://psdcitywide.com/about/careers/
Fortify,https://3dfortify.com/careers-list/
UP.Partners,https://axiomspace.bamboohr.com/careers
Nodes & Links,https://jobs.lever.co/nodeslinks
Swoon,https://swoonstaffing.com/jobs/
Chameleon,https://www.chameleon.io/jobs
Uptycs,https://www.uptycs.com/about/career
connectRN,https://www.connectrn.com/careers
Ossium Health,https://ossiumhealth.com/careers
Rendered.ai,https://rendered.ai/about/
Noise Digital Inc.,https://noisedigital.com/careers
Lightpath,https://www.linkedin.com/company/lightpath/jobs/
Cority,https://jobs.lever.co/cority/
Peraton,https://www.linkedin.com/company/peraton/jobs/
Ironclad,https://jobs.ashbyhq.com/ironcladhq
Splunk,https://www.linkedin.com/company/splunk/jobs/
Nebula,https://jobs.nebula.tv/
Olo,https://jobs.lever.co/olo/
SUSE,https://www.linkedin.com/company/suse/jobs/
Voltus,https://jobs.lever.co/voltus
Analog Devices,https://www.linkedin.com/company/analog-devices/jobs/
Atlantic Data Security  LLC,https://www.linkedin.com/jobs/search/?currentJobId=3656420315&f_C=5082062&geoId=92000000&originToLandingJobPostings=3656420315
Sharebite,https://sharebite.com/careers
project44,https://boards.greenhouse.io/project44
Yokoy,https://jobs.eu.lever.co/yokoy
Cordial,https://cordial.com/careers
Plum,https://www.plum.io/careers
SoFi,https://www.linkedin.com/company/sofi/jobs/
Capella Space,https://www.capellaspace.com/about-us/careers/
Fundraise Up,https://boards.greenhouse.io/fundraiseup
Enverus,https://jobs.jobvite.com/drillinginfo
Property Meld,https://property-meld.breezy.hr
SmithRx,https://smithrx.com/careers/
GoodLeap,https://jobs.lever.co/goodleap
SpryPoint,https://www.sprypoint.com/pages/careers/why-sprypoint/
Behavioral Health Group - BHG,https://info.bhgrecovery.com/open-positions
Askable,https://www.askable.com/company/jobs
Zencore,https://jobs.lever.co/zencore/
tvScientific,https://www.linkedin.com/company/tvscientific/jobs
MycoWorks,https://boards.greenhouse.io/mycoworks/
Bitly,https://bitly.com/pages/careers
AT&T,https://www.linkedin.com/company/att/jobs/
InfluxData,https://www.influxdata.com/careers/
Fast Enterprises  LLC,https://www.linkedin.com/company/fast-enterprises/jobs/
Sounder,https://jobs.lever.co/sounder/
Tipalti,https://www.linkedin.com/company/tipalti/jobs/
Flock Safety,https://www.flocksafety.com/careers
Cloudflare,https://www.cloudflare.com/careers/jobs/
SpaceX,https://www.spacex.com/careers/jobs/
SafeRide Health,https://www.saferidehealth.com/careers
Michelin,https://www.linkedin.com/company/michelin/jobs/
Lightspeed Commerce,https://www.lightspeedhq.com/careers/openings/
Retool,https://retool.com/careers/
IP Fabric,https://ipfabric.io/jobs-listing/
Wanderu,https://wanderu.breezy.hr/
Apaleo,https://boards.greenhouse.io/apaleo/
Boozt,https://careers.booztgroup.com/
MUI,https://jobs.ashbyhq.com/mui/
Incode Technologies,https://incode.com/careers/open-positions/
Amla Commerce (Creator of Artifi and Znode),https://www.amla.io/careers/
Dotdash Meredith,https://www.linkedin.com/company/dotdashmeredith/jobs/
Plooto,https://jobs.lever.co/Plooto
CDW,https://www.linkedin.com/company/cdw/jobs/
CarGurus,https://careers.cargurus.com/job-search-results/
SIO Logistics,https://www.linkedin.com/company/senditover/jobs
Aktion Associates  Inc.,https://www.aktion.com/company/careers/
Digital Remedy,https://jobs.lever.co/digitalremedy/
Lightrun,https://lightrun.com/careers/
Centric Software,https://www.centricsoftware.com/careers/
Gorgias,https://www.gorgias.com/about-us/jobs
Palantir Technologies,https://jobs.lever.co/palantir
Cohere Health,https://coherehealth.com/careers/
Vation Ventures,https://www.vationventures.com/careers
EquipmentShare,https://www.linkedin.com/company/equipmentshare/jobs/
Freestar,https://freestar.com/careers/
Protiviti,https://www.linkedin.com/company/protiviti/jobs/
Procore Technologies,https://www.linkedin.com/company/procore-technologies/jobs/
Forecast,https://forecasthq.bamboohr.com/careers
dbt Labs,https://www.getdbt.com/dbt-labs/open-roles/
Rye,https://www.linkedin.com/company/rye/jobs/
GoLinks,https://www.golinks.io/careers_list.php
ECI Software Solutions,https://www.linkedin.com/company/eci-software--solutions/jobs/
CE Broker,https://cebroker.com/careers
Upland Software,https://jobs.jobvite.com/upland-software
BrightBid,https://brightbid.com/work-with-us/#lediga-jobb
ThousandEyes (part of Cisco),https://www.thousandeyes.com/careers/
Avalara,https://www.linkedin.com/company/avalara/jobs/
IntelyCare,https://www.linkedin.com/company/intelycare/jobs/
Podium,https://www.linkedin.com/company/podium/jobs/
Progyny  Inc.,https://www.linkedin.com/company/progyny/jobs/
Materialize,https://materialize.com/careers/
Informed.IQ,https://www.linkedin.com/company/informediq/jobs/
Banzai,https://www.banzai.io/careers
NexHealth,https://www.nexhealth.com/careers/open-positions
1-800Accountant,https://1800accountant.teamtailor.com/
Notion,https://www.notion.so/careers
Bloomberg News,https://www.linkedin.com/company/bloomberg-news/jobs/
Sisense,https://www.sisense.com/careers/
RevGenius,https://www.linkedin.com/company/revgenius/jobs/
Softdocs,https://www.softdocs.com/company/careers
High Alpha,https://highalpha.com/careers/
Findigs  Inc.,https://www.linkedin.com/company/findigs/jobs/
Chapter,https://boards.greenhouse.io/chapter/
Signals,https://getsignals.ai/careers/
Workpath,https://www.linkedin.com/company/workpathhq/jobs/
Bloomreach,https://boards.greenhouse.io/bloomreach/
The Trade Desk,https://www.linkedin.com/company/the-trade-desk/jobs/
Ceribell │ Point-of-Care EEG,https://ceribell.com/careers/
Moogsoft,https://jobs.lever.co/moogsoft
OneUp Sales,https://oneup.app.wearecandidly.com/careers
Information Security Media Group (ISMG),https://ismg.careers/careers
DemandLab,https://www.linkedin.com/company/demandlab/jobs/
Softchoice,https://www.linkedin.com/company/softchoice/jobs/
Render,https://render.com/careers
Atomic Invest,https://boards.greenhouse.io/atomicvest
The French Agency Professional Placement,https://frenchagency.biz/jobs/
Adyen,https://www.linkedin.com/company/adyen/jobs/
Moveworks,https://www.moveworks.com/careers
Sincere Corporation,https://www.sincere.com/careers
Echo Global Logistics,https://www.linkedin.com/company/echo-global-logistics/jobs/
CrowdStrike,https://www.linkedin.com/company/crowdstrike/jobs/
Burwood Group,https://careers.smartrecruiters.com/BurwoodGroupInc
SEVENROOMS,https://www.linkedin.com/company/sevenrooms/jobs/
Mural,https://boards.greenhouse.io/mural/
Tailored Brands  Inc.,https://www.linkedin.com/company/tailored-brands-inc-/jobs/
CyberSmart,https://www.linkedin.com/company/be-cybersmart/jobs/
Groundswell Cloud Solutions  A GyanSys Company,https://www.linkedin.com/company/groundswellcloud/jobs/
Embrace,https://boards.greenhouse.io/embrace/
BrainSell,https://www.brainsell.com/careers/
Attain,https://boards.greenhouse.io/attain
Coperion,https://www.linkedin.com/company/coperion/jobs/
ServiceRocket,https://jobs.lever.co/servicerocket/
OSF Digital,https://osf.digital/careers/jobs
Novel Capital,https://apply.workable.com/novel-capital
New Relic,https://www.linkedin.com/company/new-relic-inc-/jobs/
Justworks,https://boards.greenhouse.io/justworks
Narvar,https://corp.narvar.com/careers
TripActions,https://tripactions.com/job-openings
Imply,https://imply.io/positions
Truveta,https://www.truveta.com/careers
HCLTech,https://www.linkedin.com/company/hcltech/jobs/
Opentrons Labworks Inc.,https://opentrons.com/about/jobs/
trimplement GmbH,https://trimplement.com/work-with-us
Terzo,https://terzocloud.freshteam.com/jobs
MetLife,https://jobs.metlife.com/search/?q=&locationsearch=
Uber,https://www.linkedin.com/company/uber-com/jobs/
Omni Creator Products,https://www.ocp.gg/jobs
Republic Services,https://www.linkedin.com/company/republic-services-inc/jobs/
Insurity,https://jobs.jobvite.com/insurity/jobs/positions
Eleos Health,https://www.linkedin.com/company/eleoshealth/jobs/
MelodyArc,https://melodyarc.breezy.hr/
Trapp Technology,https://trapptechnology.com/careers/careers-portal/
Apptega,https://www.apptega.com/careers/
Marco Polo,https://www.linkedin.com/company/joya-communications/jobs/
Siemens,https://www.linkedin.com/company/siemens/jobs/
Apex Systems,https://www.apexsystems.com/search-results-usa
Avanade,https://www.linkedin.com/company/avanade/jobs/
Wavestone,https://www.linkedin.com/company/wavestone/jobs/
Allovue,https://www.allovue.com/careers
Commure,https://www.commure.com/careers/
Cintas,https://www.linkedin.com/company/cintas/jobs/
GetYourGuide,https://careers.getyourguide.com/
Preqin,https://www.linkedin.com/company/preqin/jobs/
Ross Video,https://www.linkedin.com/company/rossvideo/jobs/
Ascend Learning,https://recruiting.ultipro.com/ASC1003/JobBoard/57b0d3c6-a250-9a6a-7787-1093a619de01/?q=&o=postedDateDesc
LinearB,https://jobs.lever.co/LinearB
Hiya Inc.,https://www.hiya.com/careers
TeamWorx Security,https://www.teamworxsecurity.com/careers/
OpenGov Inc.,https://jobs.lever.co/opengov
Vajro,https://www.vajro.com/careers
Ampla,https://boards.greenhouse.io/ampla
ElevationHR  LLC,https://elevationhr.com/career/
Collective[i],https://jobs.lever.co/collectivei/
SPS Commerce,https://www.linkedin.com/company/sps-commerce/jobs/
Secureframe,https://jobs.lever.co/secureframe/
TIAA,https://www.linkedin.com/company/tiaa/jobs/
AuditBoard,https://www.auditboard.com/careers/jobs/
Neostella,https://www.neostella.com/careers/
Slickdeals,https://slickdeals.net/corp/careers.html
BetterUp,https://www.linkedin.com/company/betterup/jobs/
Confiant Inc,https://www.confiant.com/careers
MPB,https://careers.mpb.com/
SiriusXM,https://www.linkedin.com/company/siriusxm/jobs/
Paychex,https://www.linkedin.com/company/paychex/jobs/
Basis Technologies,https://www.linkedin.com/company/basis-technologies/jobs/
HighRadius,https://www.highradius.com/about/careers/
Roblox,https://www.linkedin.com/company/roblox/jobs/
Make,https://www.make.com/en/careers
Causal,https://jobs.ashbyhq.com/pear
Iterable,https://iterable.com/careers/
Glia,https://www.glia.com/jobs
Docker  Inc,https://www.docker.com/career-openings/
Amplitude,https://boards.greenhouse.io/amplitude/
Union.ai,https://union.ai/careers
Constant Contact,https://boards.greenhouse.io/constantcontact
Uplight,https://jobs.jobvite.com/uplight/jobs
Dixa,https://www.linkedin.com/company/dixa/jobs/
Landstar,https://www.linkedin.com/company/landstar/jobs/
Nue.io,https://www.nue.io/company/careers/
Blackbaud,https://www.linkedin.com/company/blackbaud/jobs/
Improbable,https://jobs.lever.co/improbable/
Hewlett Packard Enterprise,https://www.linkedin.com/company/hewlett-packard-enterprise/jobs/
Zerocater,https://zerocater.com/about/careers/
Varonis,https://www.linkedin.com/company/varonis/jobs/
Xero,https://jobs.lever.co/xero/
Mux,https://www.mux.com/jobs
Creyos (formerly Cambridge Brain Sciences),https://www.linkedin.com/company/creyos/jobs/
IGT,https://www.linkedin.com/company/igt/jobs/
SmartRecruiters,https://jobs.smartrecruiters.com/
Immersive Labs,https://careers.immersivelabs.com/jobs/
Celigo,https://www.linkedin.com/company/celigo-inc/jobs/
Lightico,https://www.lightico.com/careers/
Rubrik,https://www.linkedin.com/company/rubrik-inc/jobs/
Hootsuite,https://www.linkedin.com/company/hootsuite/jobs/
ISC2,https://www.linkedin.com/company/isc2/jobs/
Zuva,https://zuva.ai/careers/
CMC Global Company Limited.,https://www.linkedin.com/company/cmc-global-company-limited/jobs/
GM Financial,https://www.linkedin.com/company/gm-financial/jobs/
Grammarly,https://www.grammarly.com/jobs/openings
F5,https://www.linkedin.com/company/f5/jobs/
Monitaur,https://www.monitaur.ai/company
VertiGIS,https://vertigis.recruitee.com/
Connatix,https://connatix.com/careers
OutboundEngine,https://www.outboundengine.com/careers
Super Dispatch,https://superdispatch.breezy.hr/
MetaLab,https://boards.greenhouse.io/metalab/
Wistia,https://wistia.com/jobs
OpenSpace,https://www.openspace.ai/careers/
Nextdoor,https://www.linkedin.com/company/nextdoor-com/jobs/
ProjectDiscovery.io,https://boards.greenhouse.io/projectdiscoveryinc
AffiniPay,https://www.affinipay.com/careers/
Pixability,https://boards.greenhouse.io/pixability
Itron  Inc.,https://www.linkedin.com/company/itroninc/jobs/
PayIt,https://payitgov.com/careers/
Second Front Systems,https://jobs.lever.co/secondfrontsystems/
RevPartners,https://revpartners.applytojob.com
ThreeFlow,https://boards.greenhouse.io/threeflow/
3Play Media,https://www.3playmedia.com/company/jobs/
runZero,https://www.runzero.com/careers/
Clearco,https://clearco.breezy.hr/
Kaleyra,https://kaleyra.teamtailor.com/
Whip Around,https://www.linkedin.com/company/whip-around/jobs/
Clutch,https://clutch.co/careers
Addison Group,https://www.linkedin.com/company/addisongroup/jobs/
PerformLine,https://www.linkedin.com/company/performline-inc/jobs/
Imprivata,https://jobs.jobvite.com/imprivata
Classy,https://www.linkedin.com/company/stayclassy/jobs/
Relevant Healthcare,https://relevant.healthcare/jobs
Avidbots Corp.,https://avidbots.bamboohr.com/careers
OwnBackup,https://www.ownbackup.com/careers/
Fluency - Advertising Automation Platform,https://fluency.applytojob.com
Reaktor,https://www.reaktor.com/careers
Affirm,https://www.affirm.com/careers
Ncontracts,https://www.ncontracts.com/careers
Akamai Technologies,https://akamaicareers.inflightcloud.com/search
Build Staffing Group,https://buildstaffing.com/job-seekers
Booking.com,https://www.linkedin.com/company/booking.com/jobs/
JMP,https://jmp-sas.icims.com/jobs/search?ss=1&hashed=-435680032
Edpuzzle,https://edpuzzle.com/jobs
Novidea,https://novidea.com/careers/
CaliberMind,https://calibermind.com/about/careers/
Applecart,https://www.applecart.co/careers
XTM International,https://careers.xtm.cloud/
Metabase,https://jobs.lever.co/metabase/
Seenons,https://jobs.seenons.com/
AgentSync,https://agentsync.io/careers
Cruise,https://www.linkedin.com/company/getcruise/jobs/
Rokt,https://www.rokt.com/careers
Shift Markets,https://jobs.lever.co/Shift%20Markets
CTO.ai,https://cto.ai/careers
ConstructConnect,https://careers-constructconnect.icims.com/jobs/search?hashed=-625918455&mobile=false&width=1140&height=500&bga=true&needsRedirect=false&jan1offset=-300&jun1offset=-240
AnyRoad,https://jobs.lever.co/anyroad/
Virtuous,https://www.linkedin.com/company/virtuous/jobs/
ServiceNow,https://www.linkedin.com/company/servicenow/jobs/
ngrok,https://boards.greenhouse.io/ngrokinc
Warner Bros. Discovery,https://www.linkedin.com/company/warner-bros-discovery/jobs/
Propeller,https://propelleraero.breezy.hr/
Kaseya,https://www.linkedin.com/company/kaseya/jobs/
WEKA,https://www.weka.io/company/careers/
Fetch,https://www.linkedin.com/company/fetch-rewards/jobs/
Tapcart,https://www.tapcart.com/careers
Next Level Solutions,https://www.nlsnow.com/careers/join-us?hsLang=en
Aumni,https://www.linkedin.com/company/aumni/jobs/
Profisee,https://profisee.com/job-openings/
Revenue Analytics  Inc.,https://jobs.lever.co/revenueanalytics/
Carrus,https://us63.dayforcehcm.com/CandidatePortal/en-US/pennfostercarrus/SITE/PFCCareerSite
Rangle.io,https://www.linkedin.com/company/rangle/jobs/
WorkTango Inc.,https://www.worktango.com/careers#open-roles
Upside,https://www.linkedin.com/company/upside/jobs/
NinjaOne,https://www.ninjaone.com/careers/
Apexon,https://www.apexon.com/explore-jobs/
Epos Now,https://www.eposnow.com/us/careers/open-positions/
Muck Rack,https://www.linkedin.com/company/muckrack/jobs/
Brightspeed,https://careers.smartrecruiters.com/Brightspeed
Reibus,https://jobs.lever.co/reibus/
Biofire,https://www.linkedin.com/company/biofire/jobs/
Zopa Bank,https://jobs.lever.co/zopa/
PlayStation,https://boards.greenhouse.io/sonyinteractiveentertainmentglobal
Super.com,https://jobs.lever.co/super-com
Trakstar  part of Mitratech,https://mitratech.com/about-us/careers/
One Click LCA,https://www.linkedin.com/company/one-click-lca/jobs/
Makersite,https://makersitegmbh.recruitee.com
NewtonX,https://www.newtonx.com/careers/
Precoa,https://careers.precoa.com/search/jobs
Funnel,https://jobs.funnel.io/
ZOLL Medical Corporation,https://www.linkedin.com/company/zoll-medical-corporation/jobs/
PerformYard,https://www.linkedin.com/company/performyard/jobs/
Parsyl,https://www.parsyl.com/about#team
Tellent (formerly Recruitee),https://support.recruitee.com
EDB,https://www.enterprisedb.com/careers/job-openings
ByteDance,https://www.linkedin.com/company/bytedance/jobs/
Datavant,https://www.linkedin.com/company/datavant/jobs/
UiPath,https://www.linkedin.com/company/uipath/jobs/
WorkOS,https://jobs.lever.co/workos/
JPMorgan Chase & Co.,https://www.linkedin.com/company/jpmorganchase/jobs/
Jamf,https://www.jamf.com/about/careers/jobs/
PDQ,https://jobs.lever.co/PDQ
Notable,https://jobs.ashbyhq.com/notable/
Perficient,https://www.linkedin.com/company/perficient/jobs/
Icertis,https://jobs.lever.co/icertis/
Rafay,https://rafay.co/company/careers/
ReachMobi,https://reachmobi.bamboohr.com/careers
VELOX Media,https://www.veloxmedia.com/careers/
John Deere,https://www.linkedin.com/company/john-deere/jobs/
Live Chair Health,https://www.linkedin.com/company/live-chair-health/jobs
Expel,https://expel.com/about/careers/
Adobe,https://www.linkedin.com/company/adobe/jobs/
Tango,https://jobs.ashbyhq.com/tango/
Loopio,https://jobs.lever.co/loopio/
Zyte,https://www.zyte.com/jobs/
Weights & Biases,https://jobs.lever.co/wandb
AppOmni,https://appomni.com/about-us/careers/
Day Zero Diagnostics  Inc,https://www.dayzerodiagnostics.com/about-us/careers/
HeadSpin,https://www.headspin.io/careers
KEYENCE CORPORATION,https://www.linkedin.com/company/keyence/jobs/
Magic Leap,https://resources.magicleap.com/en-us/careers
Insperity,https://www.linkedin.com/company/insperity/jobs/
StreamSets Inc.,https://softwareag.wd3.myworkdayjobs.com/rec_sag_ext
Mutiny,https://boards.greenhouse.io/mutiny/
Cloud Software Group,https://careers.cloud.com/jobs/search
Rippling,https://www.rippling.com/careers/open-roles
Outreach,https://jobs.lever.co/outreach/
ReversingLabs,https://www.reversinglabs.com/company/careers
Infor,https://www.linkedin.com/company/infor/jobs/
Coolset,https://www.linkedin.com/company/coolset/jobs/
InvestNext,https://apply.workable.com/investnext
Panzura,https://panzura.com/company/panzura-careers/
Fastly,https://www.fastly.com/about/careers/current-openings
Breezy HR,https://breezy.hr/attract
Cube,https://jobs.ashbyhq.com/cubesoftware
Call Box,https://www.callbox.com/careers
Bloomberg Industry Group,https://www.linkedin.com/company/bloomberg-industry-group/jobs/
Jobber,https://boards.greenhouse.io/jobber/
Flexera,https://www.linkedin.com/company/flexera/jobs/
Medallion,https://medallion.co/about-medallion/careers
Westlake Financial,https://recruiting.ultipro.com/HAN1010/JobBoard/f03ae624-2195-4366-9876-a831dee4af59
Watershed,https://watershed.com/jobs
Episode Six,https://www.linkedin.com/company/episode-six/jobs/
Flexcar,https://careers.flexcar.com/
EvenUp,https://www.evenuplaw.com/careers
FreshBooks,https://boards.greenhouse.io/freshbooks
percipient.ai,https://jobs.lever.co/percipient
Hopebridge,https://www.linkedin.com/company/hopebridge-autism-therapy-centers/jobs/
Snowplow,https://jobs.lever.co/snowplow
TechnologyAdvice,https://technologyadvice.com/careers/opportunities/
Torc Robotics,https://torc.ai/job-board/
TaxBit,https://boards.greenhouse.io/taxbit
Vendr,https://www.vendr.com/careers
Block,https://block.xyz/careers
CyberCube,https://jobs.lever.co/cybcube
Heroku,https://www.heroku.com/careers
Odoo,https://www.odoo.com/jobs
Coalition  Inc.,https://www.coalitioninc.com/careers/current-openings
Boeing,https://www.linkedin.com/company/boeing/jobs/
SixFifty,https://www.sixfifty.com/about/careers/
Xigent,https://xigentsolutions.com/company/careers/
Alteryx,https://www.linkedin.com/company/alteryx/jobs/
SourceWhale,https://sourcewhale.jobs.personio.com/
Straker,https://strakertranslations.bamboohr.com/careers
Covariant,https://jobs.lever.co/covariant
Acronis,https://www.linkedin.com/company/acronis/jobs/
FLYR,https://boards.greenhouse.io/flyr
numa,https://numastays.com/en/careers
Coconut Software,https://www.coconutsoftware.com/careers/
Tropic,https://boards.greenhouse.io/tropic
Netskope,https://www.netskope.com/company/careers/open-positions
SEON Fraud Fighters,https://seon.io/careers/
Quantcast,https://jobs.lever.co/quantcast/
Otter.ai,https://otter.ai/careers
Vonage,https://boards.greenhouse.io/vonage/
Studio Science,https://studioscience.com/careers/
ResQ,https://www.linkedin.com/company/getresq-restaurant-repair/jobs/
MassMutual,https://www.linkedin.com/company/massmutual-financial-group/jobs/
Cribl,https://cribl.io/jobs
Lev,https://www.levdigital.com/join-the-team
Plug and Play Tech Center,https://www.linkedin.com/company/plug-and-play-tech-center/jobs/
Intercom,https://www.intercom.com/careers?on_pageview_event=careers_footer
Semgrep,https://semgrep.dev/about/careers/
Uber Freight,https://www.linkedin.com/company/uber-freight/jobs/
Linus Health,https://linushealth.com/careers
Mimecast,https://careers.mimecast.com/en/jobs/
Tray.io,https://boards.greenhouse.io/trayio/
Synthace,https://jobs.lever.co/synthace/
Mercury,https://www.linkedin.com/company/mercuryhq/jobs/
ECS,https://www.linkedin.com/company/ecstechhq/jobs/
Learn Amp | B Corp™,https://learnamp.com/careers
Acerta,https://acerta.bamboohr.com/jobs/
Pure Storage,https://www.linkedin.com/company/purestorage/jobs/
Apollo Interactive,https://www.linkedin.com/company/apollo-interactive/jobs/
Axuall,https://boards.greenhouse.io/axuall
Circle,https://www.linkedin.com/company/circle-internet-financial/jobs/
HelloFresh,https://www.linkedin.com/company/hellofresh/jobs/
Vidyard,https://www.vidyard.com/careers/
Labelbox,https://labelbox.com/company/careers
Redis,https://www.linkedin.com/company/redisinc/jobs/
GRIN,https://grin.co/careers/jobs/
Starburst,https://jobs.lever.co/starburstdata
Huron,https://www.linkedin.com/company/huronconsulting/jobs/
Propel  Inc,https://www.linkedin.com/company/propel-inc/jobs/
Busuu,https://www.linkedin.com/company/busuu-com/jobs/
Prokeep,https://prokeep-llc.rippling-ats.com
TALSMART,https://www.talsmart.com/jobs
Swirlds Labs,https://swirldslabs.com/careers
SentinelOne,https://www.linkedin.com/company/sentinelone/jobs/
PartsTech,https://partstech.com/careers/
Open Systems,https://www.linkedin.com/company/opensystems/jobs/
Seismic,https://www.linkedin.com/company/seismic/jobs/
WalkMe™,https://www.walkme.com/careers_list/?region=Location
Kantox,https://www.kantox.com/en/careers/?
Informa Markets,https://careers.smartrecruiters.com/InformaGroupPlc/informa-markets
Paycor,https://www.linkedin.com/company/paycor/jobs/
Customer.io,https://customer.io/careers
Parcel Perform,https://parcelperform.freshteam.com/jobs/
Riot Games,https://www.linkedin.com/company/riot-games/jobs/
Momentum,https://jobs.lever.co/givemomentum
AlphaSense,https://boards.greenhouse.io/alphasense/
ClickUp,https://clickup.com/careers
Donnelley Financial Solutions (DFIN),https://jobs.dfinsolutions.com/go/All-Current-Job-Opportunities/4347000/
Khan Academy,https://www.linkedin.com/company/khan-academy/jobs/
One Medical,https://www.onemedical.com/careers/all-departments/
Turing,https://www.linkedin.com/company/turingcom/jobs/
Grips Intelligence,https://gripsintelligence.com/careers
Crossbeam,https://www.crossbeam.com/careers/
Samsara,https://samsara.com/company/careers/roles
Mindex,https://www.mindex.com/jobs
Extend,https://www.linkedin.com/company/paywithextend/jobs/
Vetster Inc.,https://careers.vetster.com/
StarRez  Inc.,https://www.starrez.com/company/careers
Later,https://www.linkedin.com/company/latergram-me/jobs/
BuzzFeed,https://www.linkedin.com/company/buzzfeed/jobs/
Prezi,https://prezi.com/jobs/
Arcadia,https://www.arcadia.com/careers
Airbase,https://boards.greenhouse.io/airbase
PerkSpot,https://perkspot12.applytojob.com
ConductorOne,https://careers.conductorone.com/
Canopy,https://www.linkedin.com/company/canopyservicing/jobs/
LeanIX,https://www.linkedin.com/company/leanix/jobs/
Pair Eyewear,https://paireyewear.com/pages/careers
YCharts,https://recruiting.paylocity.com/recruiting/jobs/All/78419728-0f20-46ce-8f93-12ae28d00481/YCHARTS-INC
GoodRx,https://www.linkedin.com/company/goodrx/jobs/
Gecko Robotics  Inc.,https://www.linkedin.com/company/gecko-robotics-llc/jobs/
ŌURA,https://www.linkedin.com/company/oura/jobs/
Info-Tech Research Group,https://www.linkedin.com/company/info-tech-research-group/jobs/
Atlas,https://www.atlashxm.com/careers
Endgame,https://www.linkedin.com/company/endgamelabs/jobs/
Meltwater,https://www.linkedin.com/company/meltwater/jobs/
CloudTalk,https://www.cloudtalk.io/careers/
Woflow,https://jobs.ashbyhq.com/woflow/
Clubhouse,https://jobs.lever.co/clubhouse/
WeTravel,https://jobs.wetravel.com/
Virtualitics  Inc.,https://virtualitics.breezy.hr/
Orum,https://www.orum.com/careers
Yelp,https://www.linkedin.com/company/yelp-com/jobs/
DataGrail,https://www.datagrail.io/careers/
Avicado Construction Technology Services  LLC,https://www.avicado.com/about/careers/
Acceleration Partners,https://boards.greenhouse.io/accelerationpartners/
EcoVadis,https://careers.smartrecruiters.com/ecovadis
Nextech Systems,https://jobs.lever.co/nextech
A.P. Moller - Maersk,https://www.linkedin.com/company/maersk-group/jobs/
QuillHash Group,https://www.quillhash.com/careers
Anvil,https://www.useanvil.com/careers/
Calendly,https://careers.calendly.com/jobs/
ForgeRock,https://www.forgerock.com/about-us/careers
Fluence Technologies,https://www.fluencetech.com/careers
Tide,https://www.tide.co/careers/
Sila,https://silamoney.applytojob.com
Synctera,https://synctera.com/careers
M3 Global Research,https://careers.eu.m3.com/Creative/m3global
Freddie Mac,https://www.linkedin.com/company/freddie-mac/jobs/
Marqeta,https://www.linkedin.com/company/marqeta/jobs/
Cleary,https://gocleary.com/careers/
Synapse,https://jobs.lever.co/synapsefi
kimkim,https://www.kimkim.com/careers
Pointer,https://jobs.pointerstrategy.com.au/
T-Mobile,https://www.linkedin.com/company/t-mobile/jobs/
Audacy  Inc.,https://www.linkedin.com/company/audacy-inc/jobs/
Cambridge Systematics  Inc.,https://camsys.com/careers-and-culture
Faraday,https://www.linkedin.com/company/faradayio/jobs/
Warby Parker,https://boards.greenhouse.io/warbyparker
Aisera,https://boards.greenhouse.io/aiserajobs
nth Venture,https://www.nthventure.com/careers
Trellix,https://www.linkedin.com/company/trellixsecurity/jobs/
Matillion,https://jobs.lever.co/matillion/
Six & Flow,https://www.sixandflow.com/careers/lead-strategist
Lumos,https://www.lumos.com/careers
Cleo,https://web.meetcleo.com/careers
eBay,https://www.linkedin.com/company/ebay/jobs/
Trader Interactive,https://www.traderinteractive.com/careers/
Cvent,https://www.linkedin.com/company/cvent/jobs/
Yext,https://www.linkedin.com/company/yext/jobs/
Cadwell,https://recruitingbypaycor.com/career/CareerHome.action?clientId=8a7883c683620a4f018365990ad10010
Curvature,https://www.curvature.com/about-us/careers/
Tripadvisor,https://boards.greenhouse.io/tripadvisor/
OneTrust,https://www.linkedin.com/company/onetrust/jobs/
Text,https://jobs.lever.co/livechatinc
Carbon Direct,https://www.carbon-direct.com/careers
Thoughtful AI,https://www.thoughtful.ai/careers
Vetted,https://jobs.lever.co/vetted/
Luminate,https://luminatedata.com/careers/
Jobvite,https://careers.employinc.com/
Benchling,https://www.linkedin.com/company/benchling/jobs/
BEMO,https://bemo.rippling-ats.com
Glide,https://www.glideapps.com/jobs
MVMNT,https://www.linkedin.com/company/mvmntfreight/jobs/
O'Reilly,https://www.linkedin.com/company/oreilly/jobs/
RecordPoint,https://www.recordpoint.com/careers
Apex.AI,https://jobs.lever.co/apex-ai?
Egress Software Technologies,https://www.egress.com/careers/vacancies
Demand Chain,https://www.demandchain.com/careers/
Cloudinary,https://jobs.lever.co/cloudinary/
Archive,https://jobs.lever.co/Archive
LogicManager,https://jobs.lever.co/logicmanager/
Tomorrow.io,https://www.tomorrow.io/careers/
DuckDuckGo,https://duckduckgo.recruitee.com
Integral.,https://apply.workable.com/integral-2
DataSnipper,http://careers.datasnipper.com/
Veryfi,https://www.linkedin.com/company/veryfi-inc/jobs/
FICO,https://www.linkedin.com/company/fico/jobs/
BeyondTrust,https://boards.greenhouse.io/beyondtrust/
Activision,https://www.linkedin.com/company/activision/jobs/
Premier Technology Advisors,https://www.procureit.com/careers
Lenus,https://www.lenusehealth.com/careers
Emergent Holdings,https://ejko.fa.us2.oraclecloud.com/hcmUI/CandidateExperience/en/sites/CX_2/requisitions
StackAdapt,https://jobs.lever.co/stackadapt/
EigenLayer,https://www.linkedin.com/company/eigenl/jobs/
ButterflyMX®,https://www.linkedin.com/company/butterflymx/jobs/
LogicGate,https://boards.greenhouse.io/logicgate/
Zello,https://zello.com/careers/
Marble,https://jobs.lever.co/Medchart
Waterplan (YC S21),https://jobs.ashbyhq.com/Waterplan
OTA Insight,https://careers.otainsight.com/
Granite Telecommunications,https://www.linkedin.com/company/granite-telecommunications/jobs/
Thoropass,https://boards.greenhouse.io/thoropass
Sayva Solutions,https://sayvasolutions.com/search-open-positions/
e-Core,https://boards.greenhouse.io/ecore/
Keeper.app,https://jobs.ashbyhq.com/keeper
MyFitnessPal,https://boards.greenhouse.io/myfitnesspal/
Blizzard Entertainment,https://www.linkedin.com/company/blizzard-entertainment/jobs/
Tekmetric,https://boards.greenhouse.io/tekmetric
CommerceIQ,https://boards.greenhouse.io/commerceiq
Thankful,https://www.gladly.com/careers/
Boats Group,https://www.boatsgroup.com/careers/
Quix,https://quix.recruitee.com/
CharterUP,https://charterup.teamtailor.com/
Nektar.ai,https://nektar.ai/careers
Kensho Technologies,https://jobs.lever.co/kensho
FreightWaves,https://freightwavesinc.applytojob.com/apply
Visma Creditro A/S,https://creditro.com/careers
SOCi  Inc.,https://www.meetsoci.com/about/careers/
AVIOBOOK,https://www.linkedin.com/jobs/aviobook-jobs-worldwide?f_C=1003745&trk=top-card_top-card-primary-button-top-card-primary-cta&position=1&pageNum=0
Genesys,https://www.linkedin.com/company/genesys/jobs/
Lumafield,https://jobs.lever.co/lumafield/
Nautical Commerce,https://jobs.lever.co/nautical-commerce
DICK'S Sporting Goods,https://www.linkedin.com/company/dick%27s-sporting-goods/jobs/
X-Team,https://x-team.com/remote-programming-jobs/
N-able,https://www.linkedin.com/company/n-able/jobs/
Tricentis,https://www.linkedin.com/company/tricentis/jobs/
ClickBank,https://www.linkedin.com/company/clickbank/jobs/
FundApps,https://jobs.lever.co/fundapps/
RxVantage,https://www.linkedin.com/company/rxvantage/jobs/
Ascent Cloud,https://ascentcloud.io/careers/
Roo,https://jobs.lever.co/roo/
Shawbrook Bank,https://careers.shawbrook.co.uk/opportunities/
nTop,https://boards.greenhouse.io/ntop
MarketOne International,https://www.marketone.com/jobs
Sunhero,https://jobs.lever.co/sunhero/
Revivn,https://jobs.lever.co/revivn.com
Cloudsmith,https://cloudsmith.com/careers
Smartcar,https://jobs.lever.co/smartcar/
Thermo Fisher Scientific,https://www.linkedin.com/company/thermo-fisher-scientific/jobs/
Figures,https://www.linkedin.com/company/f1gures/jobs/
Sauce Labs,https://saucelabs.com/company/careers
Elsevier,https://www.linkedin.com/company/elsevier/jobs/
Peloton Interactive,https://www.linkedin.com/company/peloton-interactive-/jobs/
Entegee,https://www.entegee.com/engineering-jobs/
Axios,https://www.linkedin.com/company/axios-media/jobs/
A.Team,https://www.notion.so/ateams/Careers-at-A-Team-4a4af87f3a3b4246bf63d8c1c9201320
DigiCert,https://www.digicert.com/careers
Vestwell,https://www.vestwell.com/careers
Sonendo  Inc.,https://careers-sonendo.icims.com/jobs/intro?hashed=-626009781&mobile=false&width=1425&height=500&bga=true&needsRedirect=false&jan1offset=-300&jun1offset=-240
Workday,https://www.linkedin.com/company/workday/jobs/
Capital One,https://www.linkedin.com/company/capital-one/jobs/
Redpanda Data,https://redpanda.com/careers
AutoLeap,https://autoleap.com/applynow/
Swan,https://www.welcometothejungle.com/en/companies/swan/jobs
iPullRank,https://www.linkedin.com/company/ipullrank/jobs/
ICIS,https://relx.wd3.myworkdayjobs.com/RiskSolutions
Konica Minolta Sensing Americas  Inc.,https://careers.konicaminoltaus.com/
Textio,https://www.linkedin.com/company/textio/jobs/
ZoomInfo,https://www.zoominfo.com/careers
Propagate,https://www.linkedin.com/company/propagateag/jobs/
Bookipi,https://bookipi.com/job-openings/
Happeo,https://jobs.ashbyhq.com/happeo/
Picovoice,https://picovoice.ai/careers/
Visit.org,https://visit-talent.freshteam.com/jobs
Lockheed Martin,https://www.linkedin.com/company/lockheed-martin/jobs/
Hubtek,https://gohubtek.com/careers/
Verkada,https://jobs.lever.co/verkada/
Doran Jones Inc.,https://jobs.lever.co/doranjones
Emburse,https://jobs.lever.co/emburse
Dialpad,https://www.linkedin.com/company/dialpad/jobs/
Deltek,https://www.linkedin.com/company/deltek/jobs/
MacroFab,https://macrofab.applytojob.com
Golioth,https://golioth.rippling-ats.com
Intrepid Studios  Inc,https://intrepidstudios.applytojob.com
Seamless.AI,https://seamless.ai/company/careers
Dun & Bradstreet,https://www.linkedin.com/company/dun-&-bradstreet/jobs/
ShipBob,https://boards.greenhouse.io/shipbobinc/
Zenni Optical,https://www.linkedin.com/company/zenni-optical/jobs/
Saleo,https://www.linkedin.com/company/saleo-sales-demo-experience/jobs/
L3Harris Technologies,https://www.linkedin.com/company/l3harris-technologies/jobs/
ZayZoon,https://www.zayzoon.com/work-with-us
OnLogic,https://www.onlogic.com/company/careers/
Match2one - part of Verve Group,https://www.match2one.com/careers/
TechInsights,https://techinsights.applytojob.com
Loop,https://jobs.lever.co/loopreturns
BetterCloud,https://www.bettercloud.com/job-board/
Papa,https://www.papa.com/about/careers
Prolink,https://www.linkedin.com/company/prolinkworks/jobs/
JABU,https://jabu.breezy.hr/
Fenix24,https://www.linkedin.com/company/fenix24/jobs/
Chicory,https://boards.greenhouse.io/chicory
Storyblok,https://www.storyblok.com/jobs
Binti,https://binti.com/current-openings/
Monotype,https://www.linkedin.com/company/monotype/jobs/
Consensus,https://jobs.lever.co/goconsensus
Schoox,https://www.linkedin.com/company/schoox/jobs/
Visier Inc.,https://boards.greenhouse.io/visiersolutionsinc
POLITICO,https://recruiting.ultipro.com/PER1013PCLL/JobBoard/b972ff6a-41b7-4e97-9c71-273c2595c77d
Smaato (Now part of Verve Group),https://vervegroup.recruitee.com/
Hungryroot,https://www.hungryroot.com/careers/
data.world,https://data.world/company/careers/
Hillenbrand,https://www.linkedin.com/company/hillenbrand-inc/jobs/
THRILLWORKS,https://jobs.lever.co/thrillworks
